fecha,ALFA,BETA,GAMMA,DELTA,OMEGA
2024-11-01,25.0,48.0,12.5,80.0,33.0
2024-11-04,24.49,47.87,12.89,79.56,34.05
2024-11-05,24.6,47.53,12.31,79.58,34.32
2024-11-06,24.38,47.3,11.95,79.35,33.92
2024-11-07,24.63,46.95,12.14,78.48,34.38
2024-11-08,24.47,46.65,12.44,77.88,35.05
2024-11-11,24.86,46.6,12.32,78.47,34.72
2024-11-12,24.64,46.54,12.38,77.86,34.23
2024-11-13,24.89,46.4,12.55,78.35,34.31
2024-11-14,24.62,46.54,12.54,77.28,34.71
2024-11-15,24.28,45.45,12.55,76.56,34.31
2024-11-18,24.42,45.71,12.2,76.83,34.23
2024-11-19,24.7,45.28,11.74,77.19,33.47
2024-11-20,23.92,44.73,11.67,76.23,34.31
2024-11-21,23.67,44.38,11.41,75.59,32.7
2024-11-22,24.02,43.78,11.45,75.53,32.27
2024-11-25,23.44,43.28,11.5,75.03,32.14
2024-11-26,22.71,42.79,10.96,74.92,31.95
2024-11-27,22.55,42.79,10.95,74.74,31.21
2024-11-28,22.34,42.38,11.12,73.64,31.3
2024-11-29,22.89,42.33,11.46,73.5,32.18
2024-12-02,22.85,41.64,11.36,73.97,32.55
2024-12-03,23.21,41.87,11.5,74.42,33.23
2024-12-04,22.82,41.5,11.44,74.77,32.41
2024-12-05,22.92,41.01,11.46,74.97,32.69
2024-12-06,23.04,40.9,11.67,74.14,33.16
2024-12-09,23.24,40.38,11.31,73.85,32.24
2024-12-10,23.18,40.3,11.72,73.8,32.39
2024-12-11,23.28,40.76,12.15,73.94,32.8
2024-12-12,23.32,41.25,12.08,74.74,33.06
2024-12-13,23.48,40.61,11.75,74.21,32.39
2024-12-16,24.48,40.73,12.36,73.46,32.81
2024-12-17,24.62,41.26,12.42,74.16,33.0
2024-12-18,24.66,41.34,12.57,73.52,32.88
2024-12-19,25.02,41.85,12.94,73.28,33.78
2024-12-20,25.3,42.64,13.21,73.27,33.68
2024-12-23,25.31,42.63,13.39,73.63,33.93
2024-12-24,24.6,42.6,13.21,73.13,33.17
2024-12-25,25.19,43.65,13.65,73.24,33.98
2024-12-26,24.45,42.79,13.65,73.21,34.08
2024-12-27,24.8,43.07,13.82,73.37,34.34
2024-12-30,25.04,42.92,14.51,73.39,35.69
2024-12-31,25.5,42.93,14.8,73.27,36.66
2025-01-01,25.57,43.26,15.03,72.53,36.63
2025-01-02,24.95,42.21,14.93,72.4,35.73
2025-01-03,24.88,42.44,14.27,71.84,35.44
2025-01-06,24.78,41.91,13.73,71.07,34.59
2025-01-07,25.01,42.02,13.68,70.99,34.84
2025-01-08,25.33,42.29,14.0,70.07,34.14
2025-01-09,25.5,41.74,14.17,70.7,33.68
2025-01-10,25.87,42.12,14.73,71.54,35.45
2025-01-13,26.2,42.04,14.8,71.73,35.54
2025-01-14,25.8,42.39,14.61,71.43,36.05
2025-01-15,25.88,43.2,14.83,71.59,36.26
2025-01-16,26.05,42.87,15.15,71.46,36.75
2025-01-17,25.91,42.77,15.29,71.84,36.46
2025-01-20,26.05,42.71,14.6,72.42,36.1
2025-01-21,25.89,42.0,14.29,72.3,35.66
2025-01-22,26.6,41.82,14.48,71.52,36.69
2025-01-23,26.84,42.22,14.32,71.79,36.27
2025-01-24,26.79,41.76,14.38,71.74,36.48
2025-01-27,26.77,40.92,14.22,71.87,36.28
2025-01-28,26.39,39.75,14.06,72.16,35.36
2025-01-29,26.3,40.06,14.34,72.0,35.75
2025-01-30,26.24,40.28,13.89,72.19,36.25
2025-01-31,26.35,39.23,13.68,71.83,34.78
2025-02-03,26.26,39.47,13.34,71.66,34.5
2025-02-04,26.38,39.26,13.72,71.97,34.4
2025-02-05,26.01,40.01,13.71,72.18,33.87
2025-02-06,25.64,39.25,13.17,72.69,32.25
2025-02-07,25.68,39.17,13.49,72.79,33.01
2025-02-10,25.25,38.96,13.32,73.11,33.28
2025-02-11,25.26,38.42,13.3,72.55,32.83
2025-02-12,25.86,38.71,13.28,72.43,33.31
2025-02-13,26.0,38.96,13.43,72.16,33.57
2025-02-14,25.94,39.31,13.61,72.56,33.33
2025-02-17,26.18,39.36,13.4,72.86,33.24
2025-02-18,25.84,39.29,13.45,73.58,32.78
2025-02-19,26.2,39.54,13.55,73.01,33.61
2025-02-20,26.06,39.91,13.65,73.55,34.07
2025-02-21,26.57,39.67,13.62,73.76,33.91
2025-02-24,25.83,39.25,13.23,73.78,32.91
2025-02-25,25.54,39.68,13.27,74.69,34.33
2025-02-26,25.79,39.69,13.12,74.18,33.86
2025-02-27,25.81,39.79,13.3,73.68,33.75
2025-02-28,25.57,39.6,13.78,72.87,34.35
2025-03-03,26.2,39.66,13.71,72.48,35.57
2025-03-04,26.12,39.66,13.56,72.19,35.51
2025-03-05,25.3,39.44,13.0,71.44,34.85
2025-03-06,25.02,39.18,13.05,72.22,35.56
2025-03-07,25.11,39.16,13.08,72.47,35.74
2025-03-10,25.59,39.29,13.35,72.27,35.6
2025-03-11,25.97,39.14,13.39,72.7,36.02
2025-03-12,26.18,38.96,13.3,72.2,36.03
2025-03-13,25.6,38.9,13.36,71.6,36.44
2025-03-14,25.38,38.98,13.47,71.88,36.81
2025-03-17,25.85,38.87,13.39,72.07,37.2
2025-03-18,25.11,38.64,13.35,71.44,36.28
2025-03-19,24.59,39.19,13.24,71.41,36.18
2025-03-20,24.82,39.01,13.06,71.25,36.26
2025-03-21,24.77,38.79,13.13,71.84,36.56
2025-03-24,24.55,38.85,13.24,71.6,35.8
2025-03-25,23.54,39.06,12.76,72.91,35.32
2025-03-26,23.15,39.12,12.27,73.15,34.17
2025-03-27,22.9,38.8,12.34,73.93,33.84
2025-03-28,22.62,38.69,12.26,73.6,33.83
2025-03-31,22.25,38.16,12.32,73.25,32.61
2025-04-01,21.95,38.0,12.45,73.35,33.15
2025-04-02,22.11,38.77,12.39,73.08,32.79
2025-04-03,22.1,38.81,12.24,73.02,32.78
2025-04-04,22.34,39.55,12.18,73.05,32.46
2025-04-07,22.61,39.49,12.55,73.32,33.68
2025-04-08,22.9,39.64,12.63,74.06,34.07
2025-04-09,22.64,40.34,12.88,74.93,33.83
2025-04-10,23.17,41.19,13.15,76.28,35.64
2025-04-11,23.37,40.8,13.38,76.32,34.1
2025-04-14,22.94,40.83,13.74,76.23,34.76
2025-04-15,22.88,40.6,13.65,76.18,34.26
2025-04-16,22.96,40.71,13.58,76.68,34.62
2025-04-17,23.05,40.54,13.7,76.74,34.77
2025-04-18,22.85,41.12,14.19,76.82,35.15
2025-04-21,23.07,41.36,14.8,77.03,35.15
2025-04-22,23.76,41.8,14.33,77.08,35.58
2025-04-23,23.88,42.41,14.64,77.36,35.64
2025-04-24,24.05,42.88,15.12,77.63,36.06
2025-04-25,23.69,43.23,14.35,77.49,35.27
2025-04-28,23.48,44.02,13.57,78.53,35.26
2025-04-29,23.66,44.26,13.62,79.22,35.61
2025-04-30,22.89,43.49,13.33,79.79,34.6
2025-05-01,22.43,43.65,13.6,78.96,34.69
2025-05-02,22.89,44.38,13.41,79.19,34.36
2025-05-05,22.86,44.24,13.27,79.84,34.69
2025-05-06,22.6,44.42,13.43,79.65,35.79
2025-05-07,21.77,43.21,12.86,78.95,34.37
2025-05-08,21.54,43.99,12.5,79.03,33.71
2025-05-09,21.57,43.26,12.18,79.35,33.48
2025-05-12,21.67,42.87,11.99,79.32,33.51
2025-05-13,21.96,43.59,12.52,78.96,33.88
2025-05-14,21.75,43.38,12.37,78.84,33.75
2025-05-15,21.99,43.51,12.03,78.76,33.33
2025-05-16,22.4,43.48,12.16,78.31,33.99
2025-05-19,22.66,43.44,12.53,77.5,33.8
2025-05-20,22.37,42.93,12.22,77.34,32.92
2025-05-21,22.52,43.29,12.65,76.64,33.73
2025-05-22,22.3,42.89,12.32,76.13,32.39
2025-05-23,22.49,42.95,12.32,75.77,32.99
2025-05-26,21.71,42.32,12.11,75.76,33.21
2025-05-27,21.75,42.58,12.19,76.07,33.22
2025-05-28,22.06,42.81,12.35,76.25,33.02
2025-05-29,21.85,42.49,12.2,76.91,33.05
2025-05-30,21.99,41.91,12.6,77.42,32.17
2025-06-02,21.79,41.07,11.9,77.14,32.3
2025-06-03,22.02,41.38,11.91,77.78,31.99
2025-06-04,21.37,41.09,11.45,77.59,31.57
2025-06-05,21.09,40.84,11.58,77.01,31.28
2025-06-06,20.95,40.98,11.27,76.73,30.82
2025-06-09,21.57,41.42,11.05,76.77,30.62
2025-06-10,21.75,41.3,11.46,76.93,31.12
2025-06-11,21.82,41.11,11.26,77.08,32.17
2025-06-12,21.05,40.29,11.42,76.42,31.75
2025-06-13,21.59,40.74,11.77,76.97,32.01
2025-06-16,20.87,41.26,11.54,77.32,32.49
2025-06-17,20.6,40.48,11.28,77.62,31.76
2025-06-18,20.87,40.53,11.4,78.25,31.28
2025-06-19,20.87,40.59,11.53,78.17,31.78
2025-06-20,21.05,40.47,10.97,78.28,30.93
2025-06-23,21.21,41.22,11.21,78.3,30.98
2025-06-24,21.16,41.24,10.94,78.75,31.04
2025-06-25,21.5,41.5,11.24,78.37,31.73
2025-06-26,21.54,40.88,11.61,78.04,32.7
2025-06-27,21.7,41.11,11.34,78.6,33.07
2025-06-30,21.69,41.21,11.21,78.68,32.9
2025-07-01,21.84,41.88,11.16,78.53,32.79
2025-07-02,21.8,42.1,11.13,78.64,32.92
2025-07-03,21.35,42.15,10.75,77.73,32.78
2025-07-04,21.53,42.32,10.96,76.83,32.72
2025-07-07,21.73,42.82,11.03,76.5,32.35
2025-07-08,21.58,43.02,11.11,76.37,33.05
2025-07-09,21.28,43.19,11.31,77.12,33.93
2025-07-10,21.3,42.62,11.47,77.04,33.72
2025-07-11,21.51,42.58,11.9,76.99,32.56
2025-07-14,21.1,42.23,12.12,77.03,32.95
2025-07-15,21.09,41.81,11.88,77.49,33.1
2025-07-16,20.67,41.71,12.05,77.12,33.24
2025-07-17,21.08,42.06,12.8,77.54,33.49
2025-07-18,20.66,41.49,12.5,77.25,32.9
2025-07-21,21.05,41.38,12.59,77.83,33.47
2025-07-22,21.42,41.51,13.1,77.5,33.37
2025-07-23,20.88,41.05,13.05,76.42,32.17
2025-07-24,20.21,40.62,12.37,77.37,30.93
2025-07-25,20.56,41.22,12.71,77.98,31.39
2025-07-28,20.73,40.66,12.22,79.08,31.04
2025-07-29,20.22,39.6,12.41,78.1,30.62
2025-07-30,20.61,39.39,12.67,77.12,29.99
2025-07-31,21.15,39.8,13.01,77.8,29.56
2025-08-01,21.46,40.13,12.95,78.92,29.32
2025-08-04,21.62,40.72,13.37,79.68,29.71
2025-08-05,21.79,41.15,13.21,79.64,29.74
2025-08-06,21.87,41.61,13.19,80.21,29.98
2025-08-07,21.67,41.59,12.87,80.38,30.23
2025-08-08,21.46,41.59,12.73,79.82,29.78
2025-08-11,21.5,41.19,12.82,80.5,29.22
2025-08-12,21.57,40.92,13.53,80.01,29.71
2025-08-13,21.66,41.12,13.55,80.9,30.31
2025-08-14,21.75,41.8,13.59,80.15,30.71
2025-08-15,21.55,41.5,13.53,78.86,31.24
2025-08-18,21.05,41.65,13.24,78.38,29.73
2025-08-19,20.92,41.66,13.22,78.41,29.89
2025-08-20,21.32,41.44,13.26,77.81,30.61
2025-08-21,21.53,41.93,13.16,78.47,31.19
2025-08-22,21.45,42.13,12.91,78.9,31.97
2025-08-25,21.45,42.19,12.29,79.72,31.31
2025-08-26,21.0,42.14,12.22,78.8,31.43
2025-08-27,20.83,42.08,12.5,78.36,31.46
2025-08-28,21.5,42.37,12.43,78.39,32.06
2025-08-29,20.93,41.66,12.48,77.68,32.39
2025-09-01,21.04,41.4,12.68,78.32,31.68
2025-09-02,20.62,40.75,12.35,78.52,30.89
2025-09-03,20.23,40.89,12.3,78.09,31.1
2025-09-04,20.52,40.73,12.43,76.56,31.44
2025-09-05,20.12,40.44,12.34,75.29,30.88
2025-09-08,20.0,39.8,11.88,75.32,30.58
2025-09-09,19.71,39.82,11.81,75.42,30.0
2025-09-10,19.81,39.78,12.03,74.57,30.12
2025-09-11,20.1,39.7,12.07,73.83,29.45
2025-09-12,19.61,40.48,11.87,74.68,28.77
2025-09-15,19.83,40.0,12.16,74.19,29.0
2025-09-16,20.6,40.07,12.66,74.91,29.28
2025-09-17,20.72,41.03,12.88,75.69,29.37
2025-09-18,21.21,41.75,13.24,75.45,30.03
2025-09-19,21.3,41.94,13.37,75.34,30.2
2025-09-22,21.53,41.36,13.56,74.98,30.13
2025-09-23,21.67,41.79,13.55,75.52,30.41
2025-09-24,21.28,41.58,13.47,75.77,30.03
2025-09-25,21.19,41.62,12.89,76.48,29.75
2025-09-26,21.14,41.73,12.73,76.49,30.11
2025-09-29,21.14,41.78,13.03,76.33,30.49
2025-09-30,21.5,42.31,12.87,75.94,30.24
2025-10-01,21.59,42.75,13.13,76.34,30.54
2025-10-02,21.65,42.94,13.4,75.77,30.29
2025-10-03,22.09,43.3,13.55,75.91,30.43
2025-10-06,22.67,43.44,13.51,74.89,31.14
2025-10-07,22.24,42.83,14.1,74.14,30.14
2025-10-08,22.01,42.78,14.87,74.66,30.35
2025-10-09,21.83,42.48,14.24,74.49,29.2
2025-10-10,22.27,43.13,14.58,74.18,29.1
2025-10-13,22.2,43.33,14.17,75.39,29.04
2025-10-14,22.05,43.01,14.77,75.15,29.48
2025-10-15,22.54,43.84,14.82,75.14,29.65
2025-10-16,22.09,44.07,14.45,74.66,29.7
2025-10-17,22.04,43.9,14.8,75.39,29.43
2025-10-20,22.23,44.58,14.93,75.33,29.67
2025-10-21,22.37,44.58,14.71,75.1,29.98
2025-10-22,22.52,45.19,14.84,73.94,29.71
2025-10-23,22.42,44.91,14.77,74.08,30.85
2025-10-24,22.68,45.24,14.78,73.73,31.81
2025-10-27,23.09,45.65,14.66,75.14,32.81
2025-10-28,22.96,45.47,14.45,74.01,32.63
2025-10-29,22.89,45.61,14.56,74.15,33.12
2025-10-30,23.02,46.15,14.42,74.72,34.09
2025-10-31,23.38,45.52,14.73,74.83,34.54
2025-11-03,23.09,45.37,14.84,75.37,35.11
2025-11-04,23.29,45.74,14.56,75.76,35.06
2025-11-05,23.06,45.5,14.86,75.37,35.02
2025-11-06,22.96,45.51,15.2,75.74,34.64
2025-11-07,22.82,45.81,15.04,75.51,34.91
2025-11-10,22.96,45.74,14.3,76.81,33.08
2025-11-11,22.66,45.47,14.15,77.28,33.15
2025-11-12,23.11,45.6,14.04,77.72,33.2
2025-11-13,22.57,45.29,14.09,78.46,32.94
2025-11-14,23.0,46.0,14.06,79.4,32.94
2025-11-17,23.47,46.13,14.45,79.36,33.22
2025-11-18,23.18,46.61,14.46,78.66,33.06
2025-11-19,22.98,46.51,14.42,77.75,32.49
2025-11-20,22.48,46.73,14.57,77.65,32.88
2025-11-21,22.38,46.66,14.06,77.09,32.98
2025-11-24,22.47,46.75,13.99,76.71,33.02
2025-11-25,22.97,46.38,14.23,76.04,32.7
2025-11-26,23.12,46.67,14.6,76.13,32.57
2025-11-27,23.88,47.13,14.55,76.06,31.52
2025-11-28,23.84,46.26,14.4,76.55,30.52
2025-12-01,24.28,46.39,14.8,75.97,30.22
2025-12-02,24.89,46.74,14.82,76.58,30.08
2025-12-03,24.8,46.93,14.53,76.95,30.07
2025-12-04,25.39,47.8,15.12,76.59,30.27
2025-12-05,25.77,48.01,15.27,76.83,30.64
2025-12-08,25.84,47.13,15.19,76.5,29.57
2025-12-09,25.93,46.26,14.87,76.35,28.78
2025-12-10,24.95,45.95,14.52,77.06,27.67
2025-12-11,24.56,45.42,14.48,76.28,27.12
2025-12-12,25.23,46.04,14.56,76.46,27.85
2025-12-15,25.02,46.41,14.58,75.61,28.43
2025-12-16,25.13,45.13,14.89,75.37,28.52
2025-12-17,24.92,44.7,14.79,75.2,28.29
2025-12-18,24.78,44.33,14.94,75.73,27.9
2025-12-19,25.14,44.52,14.82,76.39,28.26
2025-12-22,25.77,44.93,14.93,77.35,28.8
2025-12-23,25.67,45.43,14.91,77.38,28.48
2025-12-24,25.59,45.69,14.4,78.19,27.88
2025-12-25,25.5,45.42,14.25,79.4,27.52
2025-12-26,25.67,45.26,14.0,78.81,27.57
2025-12-29,25.59,45.15,13.74,79.81,27.72
2025-12-30,25.41,44.83,14.0,79.95,27.58
2025-12-31,25.49,44.76,14.1,78.84,28.54
2026-01-01,25.14,44.11,14.03,77.94,28.13
2026-01-02,24.91,43.52,13.7,76.91,27.9
2026-01-05,24.42,42.97,14.1,76.59,27.57
2026-01-06,24.55,43.8,13.61,76.72,27.84
2026-01-07,24.83,44.09,13.75,76.59,27.56
2026-01-08,25.16,44.18,13.8,75.75,28.07
2026-01-09,25.72,44.22,13.77,76.4,27.62
2026-01-12,25.67,44.26,13.45,75.98,27.83
2026-01-13,25.99,44.46,13.14,75.68,27.21
2026-01-14,25.95,44.43,13.02,76.16,26.87
2026-01-15,26.21,43.79,13.07,75.97,26.89
2026-01-16,25.76,43.59,12.5,76.92,26.37
2026-01-19,25.79,44.0,12.58,76.89,26.31
2026-01-20,25.27,44.03,12.17,77.33,26.25
2026-01-21,25.46,44.9,12.38,76.67,26.12
2026-01-22,25.16,45.22,11.86,77.21,24.81
2026-01-23,25.69,45.32,12.06,77.13,26.11
2026-01-26,25.72,45.27,11.9,76.46,26.07
2026-01-27,25.37,45.74,11.86,78.04,26.68
2026-01-28,25.68,45.5,12.26,78.61,26.91
2026-01-29,25.19,45.08,12.31,78.03,27.16
2026-01-30,24.85,45.89,12.18,78.43,26.97
2026-02-02,24.45,45.8,12.16,77.56,26.66
2026-02-03,24.99,45.55,12.81,76.57,26.48
2026-02-04,25.0,45.17,12.36,77.04,26.55
2026-02-05,24.97,45.95,12.3,76.93,27.06
2026-02-06,25.61,46.54,12.62,78.22,27.11
2026-02-09,25.06,46.4,12.53,78.48,27.15
2026-02-10,25.69,46.59,12.35,78.24,28.15
2026-02-11,25.58,46.18,12.19,78.33,28.8
2026-02-12,26.18,46.84,12.54,77.91,28.43
2026-02-13,26.29,47.03,11.89,78.24,28.54
2026-02-16,26.61,47.09,11.95,78.52,29.83
2026-02-17,26.54,46.74,11.97,78.06,30.02
2026-02-18,26.31,46.75,11.93,78.62,29.75
2026-02-19,27.0,46.77,12.38,78.43,29.68
2026-02-20,26.72,46.63,12.41,78.32,30.05
2026-02-23,27.24,46.53,12.92,78.57,31.02
2026-02-24,26.33,45.57,12.77,77.6,30.58
2026-02-25,26.65,45.25,12.69,77.36,30.63
2026-02-26,26.1,44.9,12.0,78.14,28.6
2026-02-27,27.01,45.35,12.33,78.64,29.04
2026-03-02,26.96,45.52,12.45,77.88,29.27
2026-03-03,27.12,46.03,12.21,78.14,28.89
2026-03-04,27.84,45.79,12.22,78.3,28.86
2026-03-05,27.18,45.08,12.2,78.9,28.14
2026-03-06,26.19,44.92,11.93,79.44,27.59
2026-03-09,26.39,44.34,11.64,79.75,27.21
2026-03-10,26.58,43.92,11.25,78.13,26.71
2026-03-11,27.18,44.15,11.77,78.27,27.7
2026-03-12,27.83,45.19,11.78,78.8,28.0
2026-03-13,27.77,45.23,11.65,79.3,27.48
2026-03-16,28.22,45.85,11.59,79.08,27.55
2026-03-17,28.22,45.57,11.34,79.74,27.07
2026-03-18,27.95,45.22,11.22,79.38,27.05
2026-03-19,27.17,45.02,11.38,80.08,27.6
2026-03-20,27.33,44.13,11.08,80.2,26.91
2026-03-23,27.48,43.79,11.08,79.53,26.53
2026-03-24,27.23,43.75,11.23,78.67,26.02
2026-03-25,26.91,43.12,11.19,78.67,25.66
2026-03-26,26.69,43.46,11.19,77.29,25.77
2026-03-27,26.51,43.07,10.98,77.04,25.42
2026-03-30,26.66,43.37,10.81,77.13,24.63
2026-03-31,26.25,42.88,10.72,77.12,24.56
2026-04-01,26.35,43.25,10.6,76.21,24.49
2026-04-02,26.43,43.85,11.19,75.94,25.42
2026-04-03,26.49,43.96,10.87,75.46,25.35
2026-04-06,27.0,44.02,11.03,75.71,25.44
2026-04-07,27.18,43.6,10.73,76.46,25.48
2026-04-08,27.26,44.08,10.99,76.9,25.48
2026-04-09,27.32,44.74,11.17,77.02,25.84
2026-04-10,27.05,44.74,11.24,76.22,26.33
2026-04-13,27.21,44.1,11.29,77.05,27.47
2026-04-14,26.81,44.38,11.0,77.31,27.08
2026-04-15,27.12,44.94,11.09,78.71,26.73
2026-04-16,27.17,45.69,11.29,78.78,26.48
2026-04-17,27.0,45.75,11.5,78.37,26.84
2026-04-20,27.06,46.06,11.39,78.11,26.16
2026-04-21,26.37,44.68,10.6,77.89,26.06
2026-04-22,25.89,44.59,10.68,77.42,25.84
2026-04-23,25.5,44.97,10.92,76.69,26.06
2026-04-24,25.61,44.92,11.15,76.01,25.58
2026-04-27,26.32,45.69,11.35,76.21,26.76
2026-04-28,26.19,45.59,11.08,75.62,26.39
2026-04-29,26.34,46.16,11.4,76.48,26.79
2026-04-30,25.9,46.56,11.42,75.23,25.92
2026-05-01,26.44,46.81,11.79,75.02,25.82
2026-05-04,27.36,48.4,12.2,75.51,26.8
2026-05-05,27.29,48.21,12.7,75.73,26.16
2026-05-06,27.72,48.22,12.77,76.84,25.93
2026-05-07,27.87,48.81,12.63,77.2,26.23
2026-05-08,27.55,48.41,12.44,77.53,25.63
2026-05-11,26.59,47.3,12.37,76.59,25.33
2026-05-12,26.29,46.95,12.23,76.67,25.61
2026-05-13,26.05,48.33,12.22,77.45,26.01
2026-05-14,25.24,48.31,11.97,76.69,25.02
2026-05-15,25.52,48.82,12.08,76.88,24.87
2026-05-18,25.29,49.42,11.79,78.66,24.77
2026-05-19,25.59,49.65,12.26,79.5,25.1
2026-05-20,26.83,50.48,12.86,80.47,25.76
2026-05-21,26.48,50.18,12.69,80.58,26.46
2026-05-22,26.15,50.02,12.89,80.16,26.68
2026-05-25,26.37,49.67,13.14,79.91,26.64
2026-05-26,25.96,49.73,13.29,79.65,27.83
2026-05-27,26.14,49.54,13.16,80.12,28.03
2026-05-28,26.74,50.42,12.92,80.16,28.4
2026-05-29,26.91,51.09,12.72,80.79,29.44
2026-06-01,25.94,50.47,12.16,80.93,28.06
2026-06-02,25.76,50.99,12.24,81.35,28.31
2026-06-03,25.49,50.75,12.63,81.26,29.06
2026-06-04,25.69,50.34,13.09,81.16,29.17
2026-06-05,25.43,50.29,12.93,82.42,28.94
2026-06-08,24.99,49.65,12.24,82.63,28.33
2026-06-09,24.65,49.51,12.13,82.92,28.52
2026-06-10,24.94,49.59,12.47,83.02,29.26
2026-06-11,25.31,49.29,12.62,82.22,29.56
2026-06-12,25.0,49.24,12.49,83.09,29.32
2026-06-15,25.36,49.78,12.4,82.97,29.91
2026-06-16,25.46,49.3,12.31,82.29,30.91
2026-06-17,25.87,49.27,12.62,82.25,31.14
2026-06-18,25.3,49.02,12.6,81.86,31.15
2026-06-19,24.66,47.56,12.05,81.94,29.4
2026-06-22,24.54,47.66,12.2,81.16,29.3
2026-06-23,24.25,48.14,12.67,80.74,29.96
2026-06-24,24.38,48.11,13.11,79.82,30.38
2026-06-25,24.26,47.88,13.0,78.97,30.51
2026-06-26,25.17,48.28,13.2,78.91,30.88
2026-06-29,24.96,47.94,13.27,79.21,31.45
2026-06-30,25.71,48.22,13.54,78.4,31.85
2026-07-01,25.75,48.57,13.47,79.25,32.98
2026-07-02,25.9,48.57,13.95,79.44,33.1
2026-07-03,25.56,48.51,13.9,78.95,32.12
2026-07-06,25.3,48.85,14.12,79.58,32.3
2026-07-07,25.64,49.95,14.22,80.27,33.14
2026-07-08,25.61,49.95,14.53,80.23,33.47
2026-07-09,25.68,49.64,15.03,79.62,34.23
2026-07-10,26.55,50.27,15.11,78.93,35.2
2026-07-13,27.05,50.64,14.93,79.67,34.7
2026-07-14,26.73,50.51,14.86,80.29,34.78
2026-07-15,26.5,50.44,14.45,79.43,34.72
2026-07-16,26.76,50.37,14.69,79.65,34.91
2026-07-17,27.34,51.18,14.44,80.26,34.44
2026-07-20,27.16,50.22,14.77,80.29,34.62
2026-07-21,26.69,49.02,14.47,79.97,34.58
2026-07-22,27.62,49.2,14.74,80.24,35.29
2026-07-23,27.63,49.05,14.94,81.53,36.01
2026-07-24,27.79,49.58,14.75,81.47,36.98
2026-07-27,27.15,48.53,14.46,81.16,36.12
2026-07-28,26.72,48.63,14.8,81.61,35.99
2026-07-29,26.88,49.02,14.02,82.33,36.09
2026-07-30,26.72,48.84,13.74,81.94,36.44
2026-07-31,26.75,48.87,13.5,81.91,35.78
2026-08-03,25.91,48.31,13.45,81.58,35.88
2026-08-04,26.09,48.7,13.44,82.63,36.19
2026-08-05,26.61,49.5,13.7,82.37,36.97
2026-08-06,26.97,50.46,13.53,83.1,37.83
2026-08-07,27.04,50.1,13.66,82.56,37.55
2026-08-10,26.62,50.52,13.41,82.66,36.74
2026-08-11,26.62,49.37,13.47,82.52,35.33
2026-08-12,26.83,49.41,13.32,83.47,35.37
2026-08-13,28.16,50.96,13.73,83.31,36.46
2026-08-14,26.81,49.03,13.02,83.98,35.03
2026-08-17,26.41,48.64,12.68,83.9,35.2
2026-08-18,26.74,48.43,13.11,82.93,35.68
2026-08-19,26.44,48.41,13.2,82.98,36.09
2026-08-20,26.38,49.06,13.08,82.63,35.69
2026-08-21,26.47,48.78,12.94,82.85,36.02
2026-08-24,26.78,48.74,12.92,82.47,36.06
2026-08-25,27.01,48.75,13.17,82.96,36.39
2026-08-26,27.21,48.66,13.17,82.2,35.92
2026-08-27,27.34,48.85,13.19,82.6,35.72
2026-08-28,28.78,49.51,13.42,82.23,37.63
2026-08-31,28.87,50.28,13.45,81.51,36.98
2026-09-01,29.36,49.77,13.69,81.84,37.39
2026-09-02,30.16,50.83,14.33,81.68,37.2
2026-09-03,30.83,50.94,14.41,81.99,38.1
2026-09-04,30.51,50.81,14.61,82.88,38.8
2026-09-07,31.07,51.23,14.81,83.41,38.71
2026-09-08,31.49,51.85,14.9,83.32,39.51
2026-09-09,31.26,52.13,15.55,82.42,40.77
2026-09-10,31.36,52.29,15.86,82.75,39.97
2026-09-11,32.28,53.24,16.15,83.25,40.25
2026-09-14,31.23,52.37,15.67,83.64,40.68
2026-09-15,31.52,53.22,15.52,84.19,41.18
2026-09-16,32.19,54.46,15.3,85.88,41.96
2026-09-17,31.61,54.27,15.37,85.28,41.84
2026-09-18,31.22,54.34,15.32,85.25,41.24
2026-09-21,31.24,53.83,15.39,85.52,40.7
2026-09-22,31.25,52.74,15.11,86.53,41.2
2026-09-23,30.7,52.74,15.32,86.31,41.78
2026-09-24,31.19,53.05,15.14,86.06,41.4
2026-09-25,31.0,52.14,15.33,86.45,41.34
2026-09-28,30.44,52.57,15.18,87.0,41.78
2026-09-29,29.43,51.79,14.57,86.92,40.95
2026-09-30,29.23,51.5,14.5,86.55,41.14
2026-10-01,29.97,52.71,14.77,86.21,41.8
2026-10-02,29.48,51.89,14.64,86.27,40.24
2026-10-05,29.96,52.5,14.71,86.95,39.9
2026-10-06,30.38,53.65,14.69,88.12,40.4
2026-10-07,30.86,54.09,14.66,89.07,40.77
