fecha,MERCADO,AK1,AK2,AK3,AK4
2024-11-01,100.0,100.0,100.0,100.0,100.0
2024-11-04,98.123,98.1,98.02,98.612,100.069
2024-11-05,98.755,99.858,97.885,98.593,101.023
2024-11-06,98.534,99.547,96.709,99.842,102.119
2024-11-07,97.354,98.61,95.933,97.286,103.453
2024-11-08,97.999,97.12,95.943,95.966,104.28
2024-11-11,96.376,97.898,93.107,95.159,106.987
2024-11-12,96.894,96.127,94.363,95.847,104.677
2024-11-13,98.414,97.411,95.773,98.878,104.23
2024-11-14,97.199,97.477,93.899,97.165,105.524
2024-11-15,97.464,97.389,93.252,97.356,104.048
2024-11-18,97.218,97.562,94.731,96.508,103.985
2024-11-19,95.502,97.735,94.335,95.219,104.141
2024-11-20,95.735,96.256,93.693,94.163,105.248
2024-11-21,93.938,96.398,91.342,93.552,103.43
2024-11-22,94.186,97.427,92.425,95.104,103.324
2024-11-25,96.018,98.748,94.909,95.713,102.857
2024-11-26,96.889,99.886,94.923,97.089,101.753
2024-11-27,97.93,100.1,96.367,97.527,102.14
2024-11-28,99.859,100.532,98.79,97.978,103.203
2024-11-29,99.469,100.164,98.752,98.365,106.419
2024-12-02,101.442,100.994,100.912,101.716,107.17
2024-12-03,101.976,102.626,101.435,101.119,106.333
2024-12-04,99.243,99.786,98.336,97.942,106.692
2024-12-05,98.902,98.923,100.82,96.73,105.779
2024-12-06,97.811,98.101,99.169,96.157,107.148
2024-12-09,97.221,97.969,101.107,94.738,109.385
2024-12-10,97.413,98.223,100.943,93.589,109.477
2024-12-11,96.642,98.119,101.011,94.083,111.063
2024-12-12,95.731,96.278,100.452,91.185,110.123
2024-12-13,95.891,96.146,101.193,89.762,109.382
2024-12-16,96.441,95.125,102.429,90.696,108.094
2024-12-17,94.384,93.023,98.981,90.078,108.591
2024-12-18,94.88,93.381,98.841,88.664,109.684
2024-12-19,95.873,94.241,99.434,89.58,109.465
2024-12-20,95.04,92.63,98.629,89.827,107.489
2024-12-23,95.991,93.647,98.005,90.889,107.828
2024-12-24,97.89,93.139,98.949,92.666,108.381
2024-12-25,97.893,93.934,99.514,93.678,109.218
2024-12-26,97.928,93.928,98.836,93.524,107.837
2024-12-27,97.215,94.587,97.482,93.101,107.08
2024-12-30,96.641,93.228,98.119,91.613,105.908
2024-12-31,97.179,92.445,97.082,91.853,107.339
2025-01-01,95.859,91.391,97.338,90.814,109.436
2025-01-02,96.269,91.07,97.152,90.196,111.064
2025-01-03,97.178,92.426,97.997,91.964,111.039
2025-01-06,98.25,92.069,98.246,92.856,110.578
2025-01-07,97.188,93.014,97.279,92.715,110.096
2025-01-08,95.635,90.918,96.205,90.13,110.138
2025-01-09,97.362,92.336,97.527,90.269,110.074
2025-01-10,95.603,91.513,94.62,89.076,112.869
2025-01-13,95.019,91.681,95.602,88.37,112.241
2025-01-14,94.724,91.996,95.025,86.23,111.741
2025-01-15,94.89,94.301,94.725,86.574,111.314
2025-01-16,94.903,92.407,94.31,84.653,113.01
2025-01-17,93.771,91.619,93.13,84.451,111.971
2025-01-20,93.836,91.232,92.939,84.915,111.401
2025-01-21,92.383,90.385,90.522,81.907,112.358
2025-01-22,91.696,90.184,91.191,80.761,112.213
2025-01-23,89.937,88.579,88.706,80.366,115.209
2025-01-24,89.097,89.701,88.36,79.989,116.242
2025-01-27,88.709,89.78,88.716,80.071,116.4
2025-01-28,88.455,92.279,88.742,79.827,118.415
2025-01-29,88.633,91.253,89.889,81.574,116.252
2025-01-30,88.636,92.592,90.746,82.924,116.93
2025-01-31,87.615,91.056,89.601,82.547,118.261
2025-02-03,88.674,93.082,89.558,81.469,120.445
2025-02-04,88.979,92.228,92.78,82.039,121.62
2025-02-05,89.684,94.01,95.578,84.196,120.749
2025-02-06,90.897,95.269,96.663,84.403,119.821
2025-02-07,91.405,95.736,97.916,86.021,118.504
2025-02-10,90.874,94.164,96.451,84.157,117.476
2025-02-11,92.443,97.112,97.101,86.0,116.391
2025-02-12,93.494,97.952,98.131,87.677,119.404
2025-02-13,94.665,98.811,99.162,89.705,119.583
2025-02-14,93.508,97.431,96.091,89.484,119.73
2025-02-17,94.119,98.9,97.125,90.65,119.983
2025-02-18,95.255,100.81,98.858,92.892,119.504
2025-02-19,96.112,101.846,99.786,93.007,120.05
2025-02-20,94.411,102.233,99.168,90.893,119.739
2025-02-21,93.749,103.522,96.693,89.63,120.546
2025-02-24,93.204,101.96,95.811,89.437,121.215
2025-02-25,93.757,102.938,95.511,92.53,124.372
2025-02-26,94.475,104.502,96.308,93.352,123.61
2025-02-27,94.936,103.238,98.017,93.977,123.029
2025-02-28,94.177,104.214,96.311,93.05,122.292
2025-03-03,95.214,105.516,96.62,94.256,121.839
2025-03-04,94.421,105.083,94.605,92.632,123.057
2025-03-05,94.018,102.534,93.478,92.162,124.187
2025-03-06,95.027,102.644,95.135,96.012,125.205
2025-03-07,95.255,102.438,94.898,97.329,124.344
2025-03-10,94.938,105.073,95.296,97.592,125.13
2025-03-11,94.139,103.986,92.88,96.505,126.582
2025-03-12,93.697,102.503,90.682,95.191,128.399
2025-03-13,93.54,102.741,92.06,94.648,127.849
2025-03-14,93.519,101.717,91.389,95.596,128.904
2025-03-17,93.71,101.938,92.06,95.494,127.248
2025-03-18,93.285,103.36,90.16,94.735,126.36
2025-03-19,93.254,102.759,90.062,94.109,128.027
2025-03-20,93.987,102.746,92.355,96.394,125.436
2025-03-21,94.75,104.514,92.818,96.084,126.912
2025-03-24,95.252,106.208,91.73,96.853,124.776
2025-03-25,95.004,104.743,92.156,96.479,123.594
2025-03-26,96.949,106.516,94.413,100.46,124.96
2025-03-27,97.377,107.304,93.496,104.179,124.475
2025-03-28,98.006,108.401,94.582,105.411,123.839
2025-03-31,98.927,110.127,95.369,107.885,124.006
2025-04-01,99.27,112.799,95.97,108.775,125.766
2025-04-02,97.574,111.008,95.582,109.394,126.056
2025-04-03,99.278,111.946,97.02,111.761,124.951
2025-04-04,98.569,110.701,96.162,109.513,125.288
2025-04-07,99.059,110.619,97.23,111.488,126.71
2025-04-08,99.41,107.676,96.453,115.23,128.308
2025-04-09,98.808,108.963,96.132,115.579,128.791
2025-04-10,100.062,110.674,98.964,117.467,130.671
2025-04-11,100.067,111.292,98.925,118.436,131.673
2025-04-14,97.527,109.805,96.488,113.041,132.128
2025-04-15,98.901,109.072,95.128,117.064,132.213
2025-04-16,98.804,109.986,95.886,115.17,132.081
2025-04-17,99.803,107.84,97.881,116.549,129.169
2025-04-18,99.932,109.803,97.326,116.473,131.445
2025-04-21,99.581,106.322,98.15,116.235,132.774
2025-04-22,99.179,106.422,99.795,114.052,134.943
2025-04-23,98.632,105.016,101.286,114.979,133.421
2025-04-24,99.503,105.722,103.423,113.848,131.877
2025-04-25,99.983,106.449,105.271,112.482,130.721
2025-04-28,99.816,106.789,104.809,113.641,128.322
2025-04-29,98.304,106.082,101.757,112.874,130.428
2025-04-30,97.521,106.827,101.327,112.505,131.182
2025-05-01,96.497,105.566,99.214,111.473,129.23
2025-05-02,96.349,106.428,98.079,109.388,130.087
2025-05-05,96.101,105.633,96.924,109.055,129.624
2025-05-06,94.218,105.147,95.52,106.526,131.131
2025-05-07,95.539,103.098,96.468,107.544,132.9
2025-05-08,93.383,101.52,94.364,104.852,132.332
2025-05-09,92.344,100.951,94.019,101.043,135.284
2025-05-12,91.599,101.725,95.406,98.847,132.977
2025-05-13,93.548,102.284,96.903,102.074,137.469
2025-05-14,92.88,102.558,97.975,103.805,137.201
2025-05-15,93.266,101.875,100.718,104.833,133.608
2025-05-16,94.277,101.917,100.783,105.19,129.834
2025-05-19,94.884,101.286,99.419,105.856,127.402
2025-05-20,97.073,103.062,101.473,108.653,129.963
2025-05-21,98.109,104.857,101.223,110.972,132.404
2025-05-22,99.716,107.931,102.979,114.05,135.827
2025-05-23,100.988,109.661,106.653,116.243,137.727
2025-05-26,102.647,113.644,106.088,118.597,140.303
2025-05-27,101.126,112.106,104.198,116.015,140.712
2025-05-28,101.682,113.226,106.856,114.371,136.563
2025-05-29,101.103,112.179,104.954,111.777,133.838
2025-05-30,101.005,113.298,104.39,109.413,133.808
2025-06-02,101.784,116.56,102.354,109.414,133.233
2025-06-03,101.32,116.578,100.977,109.058,132.414
2025-06-04,101.061,118.218,101.473,108.358,133.488
2025-06-05,98.491,114.945,101.127,104.448,135.745
2025-06-06,98.437,114.594,99.473,103.697,135.0
2025-06-09,101.454,114.777,101.639,108.506,133.869
2025-06-10,99.491,114.265,99.992,105.916,135.478
2025-06-11,99.828,113.121,101.754,105.165,136.197
2025-06-12,98.757,112.047,100.396,103.619,135.977
2025-06-13,99.18,113.12,101.584,104.396,135.614
2025-06-16,99.961,114.807,101.306,106.103,135.654
2025-06-17,98.575,112.601,99.399,105.069,137.938
2025-06-18,98.459,113.061,98.832,106.614,136.484
2025-06-19,98.995,114.179,99.854,106.754,134.907
2025-06-20,100.666,115.12,101.671,109.856,135.629
2025-06-23,100.053,115.253,99.851,108.151,135.222
2025-06-24,100.121,117.289,100.738,107.434,135.817
2025-06-25,101.738,116.432,102.493,109.934,132.671
2025-06-26,102.443,117.319,102.92,111.929,133.089
2025-06-27,101.209,114.011,100.653,109.457,132.172
2025-06-30,103.273,114.8,103.158,113.271,132.128
2025-07-01,103.539,116.102,104.842,113.316,132.259
2025-07-02,105.455,117.995,108.768,117.875,130.363
2025-07-03,106.692,117.799,110.249,118.797,132.354
2025-07-04,108.59,121.133,109.482,122.29,134.84
2025-07-07,108.999,119.93,108.315,122.962,134.221
2025-07-08,105.553,116.477,104.124,119.216,138.253
2025-07-09,107.637,116.762,106.394,123.814,139.489
2025-07-10,107.954,118.312,108.84,121.822,142.599
2025-07-11,108.156,119.576,108.543,126.498,142.948
2025-07-14,106.86,118.732,108.981,123.968,145.086
2025-07-15,104.867,116.628,109.395,120.866,145.663
2025-07-16,104.539,116.716,108.885,119.935,143.821
2025-07-17,106.35,118.222,107.898,122.103,143.065
2025-07-18,106.976,118.043,107.762,123.489,144.01
2025-07-21,107.71,118.986,108.254,123.481,148.32
2025-07-22,108.131,117.904,109.733,122.461,147.994
2025-07-23,108.826,118.81,109.681,120.968,149.598
2025-07-24,109.328,117.375,107.778,119.282,153.672
2025-07-25,106.37,115.231,104.686,115.303,154.643
2025-07-28,105.947,115.673,103.885,112.797,153.519
2025-07-29,105.208,114.864,100.828,109.61,157.76
2025-07-30,106.117,115.129,101.534,111.286,161.046
2025-07-31,107.494,114.253,102.783,112.774,162.624
2025-08-01,107.755,112.635,99.808,112.081,162.437
2025-08-04,105.725,109.654,95.237,109.781,161.379
2025-08-05,105.775,110.651,96.773,111.477,160.715
2025-08-06,104.52,108.58,95.447,110.548,164.585
2025-08-07,104.551,105.723,94.897,111.352,164.065
2025-08-08,106.858,108.786,99.461,115.652,162.065
2025-08-11,103.903,106.94,97.249,111.722,163.032
2025-08-12,104.109,105.098,98.036,112.453,165.093
2025-08-13,104.945,105.259,98.02,111.202,162.042
2025-08-14,107.093,106.255,100.427,115.841,164.039
2025-08-15,106.746,105.517,98.335,116.525,166.24
2025-08-18,106.086,103.642,99.027,115.502,165.61
2025-08-19,106.087,102.996,98.261,116.869,167.957
2025-08-20,105.53,103.038,96.831,116.01,167.451
2025-08-21,105.969,103.762,97.834,117.723,168.442
2025-08-22,106.562,103.834,97.799,118.965,166.72
2025-08-25,108.849,103.965,100.786,122.282,166.605
2025-08-26,109.035,104.463,99.745,121.826,166.054
2025-08-27,107.905,103.375,98.856,121.067,166.471
2025-08-28,107.26,101.119,99.014,121.871,164.627
2025-08-29,107.128,101.027,100.267,121.876,160.815
2025-09-01,108.132,102.184,101.448,123.043,161.325
2025-09-02,107.205,102.324,102.46,119.015,162.668
2025-09-03,104.233,98.221,98.73,113.838,163.948
2025-09-04,103.581,99.357,97.873,112.969,165.234
2025-09-05,103.544,100.873,97.687,111.107,162.459
2025-09-08,101.971,99.849,94.38,106.956,160.325
2025-09-09,102.139,101.013,93.501,105.684,159.318
2025-09-10,105.009,103.405,94.957,109.159,157.164
2025-09-11,104.118,102.255,94.983,107.851,158.795
2025-09-12,104.87,104.557,94.593,108.103,158.216
2025-09-15,105.005,103.547,93.944,108.809,155.075
2025-09-16,105.71,105.171,93.28,109.993,155.632
2025-09-17,106.373,105.011,93.529,111.693,157.309
2025-09-18,103.535,105.387,89.839,107.729,155.979
2025-09-19,102.646,105.134,88.898,107.529,159.898
2025-09-22,103.824,104.485,89.55,110.438,158.217
2025-09-23,105.045,103.226,90.666,111.991,157.756
2025-09-24,104.014,101.818,90.838,110.984,159.667
2025-09-25,103.876,103.547,91.221,112.06,160.554
2025-09-26,102.459,103.412,90.112,108.707,160.4
2025-09-29,101.98,102.741,90.842,107.451,159.508
2025-09-30,102.675,104.826,93.403,107.789,156.564
2025-10-01,103.21,104.473,95.678,110.181,158.251
2025-10-02,102.983,105.076,96.574,108.909,159.331
2025-10-03,103.756,102.731,97.8,108.864,162.119
2025-10-06,102.626,102.444,95.19,107.063,164.602
2025-10-07,103.75,102.236,98.649,109.445,162.808
2025-10-08,104.878,102.672,100.206,110.49,163.33
2025-10-09,105.199,104.742,99.789,112.548,168.465
2025-10-10,104.582,104.939,98.683,111.631,165.919
2025-10-13,104.166,106.059,99.596,110.357,161.993
2025-10-14,102.847,107.287,95.756,108.534,163.363
2025-10-15,103.156,108.273,95.989,109.968,167.212
2025-10-16,102.994,106.745,96.759,107.561,169.436
2025-10-17,105.306,111.142,100.575,109.968,171.146
2025-10-20,107.202,112.419,102.117,113.172,170.418
2025-10-21,107.384,111.503,103.558,113.17,168.947
2025-10-22,108.194,113.325,102.334,113.509,169.129
2025-10-23,107.088,114.609,100.984,111.983,168.943
2025-10-24,106.637,113.245,102.185,110.792,169.419
2025-10-27,106.328,114.198,99.321,109.727,170.068
2025-10-28,107.94,116.419,102.799,111.976,164.302
2025-10-29,106.064,115.515,100.691,109.172,165.96
2025-10-30,106.977,117.226,101.151,107.79,164.797
2025-10-31,108.712,118.657,103.198,109.069,161.661
2025-11-03,110.417,118.591,104.181,111.744,160.031
2025-11-04,110.722,121.154,103.469,110.759,158.484
2025-11-05,110.639,118.094,104.803,113.948,157.292
2025-11-06,110.19,117.49,105.55,115.084,157.215
2025-11-07,110.252,114.724,107.387,114.094,161.09
2025-11-10,109.313,113.571,104.957,113.468,160.868
2025-11-11,110.496,115.406,105.898,115.838,160.591
2025-11-12,111.786,117.018,105.548,118.062,158.043
2025-11-13,113.043,118.667,106.098,119.458,154.575
2025-11-14,114.133,120.623,110.021,120.371,154.187
2025-11-17,115.415,122.604,110.786,118.958,154.233
2025-11-18,117.002,125.615,112.186,121.041,154.738
2025-11-19,116.712,124.276,112.974,120.322,156.745
2025-11-20,114.791,124.572,110.393,117.084,160.566
2025-11-21,114.717,123.777,113.206,115.805,159.21
2025-11-24,115.336,122.498,112.877,116.09,159.606
2025-11-25,116.423,122.548,112.924,115.467,159.369
2025-11-26,113.398,122.601,109.205,111.391,161.77
2025-11-27,113.789,124.415,111.007,110.299,161.026
2025-11-28,113.735,125.257,113.403,108.209,156.947
2025-12-01,110.991,124.38,110.902,103.645,157.55
2025-12-02,109.895,121.593,108.631,102.33,159.063
2025-12-03,109.401,118.449,109.582,102.237,157.88
2025-12-04,111.12,122.61,111.456,105.308,156.295
2025-12-05,111.558,121.886,113.329,104.838,154.665
2025-12-08,111.781,122.889,115.861,101.339,154.797
2025-12-09,113.686,123.781,117.973,102.636,153.955
2025-12-10,112.471,124.342,117.344,101.563,152.487
2025-12-11,110.67,124.766,115.73,98.494,154.86
2025-12-12,110.79,125.617,114.724,97.74,158.036
2025-12-15,111.274,126.514,114.555,98.103,159.824
2025-12-16,110.439,125.167,114.654,97.631,160.831
2025-12-17,110.564,123.852,115.269,98.242,163.133
2025-12-18,113.403,126.762,117.54,100.906,160.316
2025-12-19,112.0,128.579,117.178,101.3,163.202
2025-12-22,114.069,130.077,118.62,104.413,163.322
2025-12-23,115.488,132.27,122.728,106.301,164.259
2025-12-24,116.505,131.788,125.579,107.39,161.157
2025-12-25,115.83,129.675,124.341,104.831,162.251
2025-12-26,115.443,132.346,122.158,103.993,163.12
2025-12-29,116.535,133.324,121.701,107.291,165.082
2025-12-30,118.311,134.262,123.011,109.758,162.969
2025-12-31,115.933,132.546,121.317,106.48,164.888
2026-01-01,117.639,134.327,122.051,109.903,163.422
2026-01-02,116.482,131.16,119.858,108.039,161.909
2026-01-05,114.523,128.655,118.407,105.497,163.187
2026-01-06,114.316,129.372,121.864,104.919,164.512
2026-01-07,115.695,127.714,123.552,108.486,162.738
2026-01-08,116.118,130.849,123.38,109.836,162.651
2026-01-09,114.201,131.679,121.41,106.971,165.581
2026-01-12,113.934,129.495,121.649,108.971,167.012
2026-01-13,115.745,130.779,122.911,110.57,169.646
2026-01-14,115.196,129.902,123.839,111.295,171.139
2026-01-15,115.966,130.393,124.741,112.71,173.851
2026-01-16,115.923,126.601,122.462,113.53,171.854
2026-01-19,116.644,127.595,124.676,117.13,169.65
2026-01-20,118.552,127.155,128.538,120.602,169.546
2026-01-21,120.117,130.233,129.817,120.431,169.458
2026-01-22,122.251,131.204,132.7,125.269,169.367
2026-01-23,122.472,131.818,130.894,126.61,171.728
2026-01-26,120.453,129.655,125.249,120.77,172.097
2026-01-27,121.303,129.276,125.285,123.653,173.279
2026-01-28,120.129,131.147,127.347,122.538,174.008
2026-01-29,119.794,130.422,127.745,123.805,173.54
2026-01-30,122.918,132.697,128.295,129.019,172.713
2026-02-02,122.611,133.105,128.283,126.075,173.329
2026-02-03,122.829,135.067,128.668,126.908,175.195
2026-02-04,121.937,132.917,127.966,125.234,177.603
2026-02-05,123.652,134.26,131.318,127.539,177.95
2026-02-06,126.163,136.84,134.125,132.767,178.372
2026-02-09,125.716,134.86,133.999,131.152,176.74
2026-02-10,124.082,133.17,131.663,129.556,175.492
2026-02-11,124.484,134.378,134.238,131.874,175.339
2026-02-12,124.695,136.383,135.479,132.196,175.168
2026-02-13,127.15,136.02,136.034,133.162,174.58
2026-02-16,128.155,138.245,136.854,133.282,173.57
2026-02-17,129.822,137.084,140.126,138.71,173.95
2026-02-18,128.834,136.285,138.593,135.801,174.498
2026-02-19,130.456,137.6,139.367,137.267,172.822
2026-02-20,132.938,140.653,139.904,141.246,170.53
2026-02-23,133.229,137.767,140.853,139.829,170.185
2026-02-24,135.785,140.07,141.591,145.295,166.179
2026-02-25,135.205,139.39,140.356,147.033,163.328
2026-02-26,137.462,139.473,144.846,148.066,160.991
2026-02-27,136.654,139.373,144.639,146.239,158.642
2026-03-02,137.439,141.933,147.53,148.048,157.369
2026-03-03,139.005,140.769,147.521,149.197,155.03
2026-03-04,140.901,143.192,149.932,153.711,152.947
2026-03-05,140.718,144.522,150.634,155.029,156.063
2026-03-06,140.607,146.617,153.237,154.193,154.807
2026-03-09,143.851,145.466,155.388,159.413,152.437
2026-03-10,145.664,146.137,159.658,161.579,151.339
2026-03-11,143.893,143.784,158.88,159.208,151.589
2026-03-12,145.467,144.401,162.144,164.306,151.264
2026-03-13,144.086,145.37,161.851,161.753,154.746
2026-03-16,140.713,143.63,160.485,155.363,155.5
2026-03-17,141.188,142.66,164.288,157.33,157.635
2026-03-18,140.308,143.9,159.466,156.191,157.952
2026-03-19,138.983,143.434,156.213,154.631,158.38
2026-03-20,138.442,144.17,157.443,155.784,160.535
2026-03-23,137.426,145.108,152.947,154.006,162.474
2026-03-24,143.15,148.848,158.528,164.224,159.85
2026-03-25,144.147,151.332,161.971,164.976,160.378
2026-03-26,142.386,152.233,158.877,163.5,162.467
2026-03-27,140.967,153.164,154.79,161.413,163.203
2026-03-30,140.292,149.537,150.465,164.101,163.622
2026-03-31,138.8,147.877,147.546,159.43,162.084
2026-04-01,139.838,149.112,147.585,159.748,163.771
2026-04-02,139.091,147.036,145.6,162.62,165.433
2026-04-03,139.117,147.577,148.126,159.671,162.395
2026-04-06,140.394,149.601,152.33,165.301,161.368
2026-04-07,139.016,149.909,151.362,165.246,157.633
2026-04-08,138.945,147.983,153.653,163.523,158.208
2026-04-09,138.729,147.909,150.927,163.698,157.092
2026-04-10,138.488,148.185,150.105,164.311,161.081
2026-04-13,138.475,145.222,150.267,165.868,165.759
2026-04-14,137.811,145.486,147.6,165.812,165.513
2026-04-15,135.881,143.426,145.507,163.56,167.381
2026-04-16,139.042,142.999,148.553,172.832,165.529
2026-04-17,140.33,144.081,152.071,171.413,164.36
2026-04-20,145.359,146.136,158.233,179.797,161.319
2026-04-21,146.879,146.963,160.063,178.444,161.046
2026-04-22,145.929,143.257,157.637,176.523,156.43
2026-04-23,144.673,140.812,156.258,177.497,155.097
2026-04-24,146.452,144.085,158.888,177.343,154.218
2026-04-27,143.814,144.097,157.587,168.316,156.067
2026-04-28,142.059,141.663,152.55,166.505,158.066
2026-04-29,140.337,142.555,154.872,164.758,159.378
2026-04-30,140.087,146.232,157.327,166.86,159.724
2026-05-01,139.464,145.266,155.323,165.277,161.559
2026-05-04,140.168,146.753,154.268,165.709,159.595
2026-05-05,142.147,147.826,157.224,173.952,157.842
2026-05-06,139.435,147.826,149.446,167.02,158.648
2026-05-07,137.142,145.922,146.22,165.044,158.213
2026-05-08,138.751,146.852,149.55,166.684,155.805
2026-05-11,139.072,148.44,148.988,163.202,153.667
2026-05-12,137.176,149.293,145.517,162.062,153.709
2026-05-13,136.39,148.408,142.883,166.206,156.348
2026-05-14,137.068,146.715,145.033,167.079,154.196
2026-05-15,133.838,143.312,142.875,159.562,154.831
2026-05-18,135.989,145.766,144.896,163.456,155.955
2026-05-19,135.6,147.299,145.166,162.43,156.342
2026-05-20,135.815,147.954,144.673,164.354,154.24
2026-05-21,134.411,147.679,144.342,165.083,152.853
2026-05-22,134.719,145.882,143.665,168.847,153.209
2026-05-25,135.097,145.818,143.193,168.297,156.628
2026-05-26,134.989,143.082,143.551,169.01,157.527
2026-05-27,134.639,143.05,144.067,167.796,157.749
2026-05-28,134.513,140.569,142.306,169.798,158.359
2026-05-29,132.742,139.009,140.522,166.307,161.731
2026-06-01,132.429,137.455,140.481,167.016,160.498
2026-06-02,133.495,137.791,142.789,171.158,158.834
2026-06-03,133.817,141.835,144.88,170.774,159.0
2026-06-04,134.421,139.191,142.437,172.522,162.32
2026-06-05,133.421,137.104,141.842,169.669,159.995
2026-06-08,131.538,135.694,140.735,167.45,165.659
2026-06-09,131.889,136.685,138.848,169.345,164.818
2026-06-10,130.91,135.33,136.869,165.171,163.348
2026-06-11,128.545,133.492,134.082,165.369,163.405
2026-06-12,130.473,137.22,135.407,170.915,160.497
2026-06-15,132.027,138.684,137.35,171.705,161.034
2026-06-16,130.404,136.876,135.172,165.881,161.242
2026-06-17,131.576,134.585,138.615,168.091,160.048
2026-06-18,130.789,133.256,137.501,166.733,162.203
2026-06-19,130.481,132.571,138.009,164.016,158.881
2026-06-22,130.548,130.891,138.712,161.642,156.707
2026-06-23,130.401,132.863,138.231,159.209,157.589
2026-06-24,131.274,132.133,141.663,161.509,155.861
2026-06-25,130.729,133.44,141.702,158.509,153.85
2026-06-26,133.017,133.048,143.139,162.321,150.871
2026-06-29,133.503,132.935,144.524,161.528,149.947
2026-06-30,132.844,132.517,143.209,162.05,147.769
2026-07-01,133.263,134.313,143.221,166.022,149.372
2026-07-02,132.11,132.638,140.714,164.465,145.031
2026-07-03,133.584,130.223,141.736,169.426,146.384
2026-07-06,133.283,129.146,141.169,168.219,145.135
2026-07-07,131.195,127.276,141.408,164.987,144.378
2026-07-08,132.37,128.85,142.277,169.182,148.144
2026-07-09,132.823,131.371,142.858,172.311,150.891
2026-07-10,132.515,129.275,143.657,173.482,152.093
2026-07-13,132.605,130.719,145.355,173.06,154.748
2026-07-14,134.483,132.755,147.447,178.184,156.156
2026-07-15,136.27,132.393,151.646,182.6,153.607
2026-07-16,137.765,133.272,157.769,191.31,154.954
2026-07-17,135.283,131.806,156.372,185.478,156.845
2026-07-20,136.581,128.476,156.953,189.902,156.891
2026-07-21,138.668,128.141,159.92,191.91,154.44
2026-07-22,142.608,133.893,162.933,196.267,155.633
2026-07-23,141.301,129.959,161.988,195.392,155.973
2026-07-24,138.846,128.994,158.116,188.831,158.236
2026-07-27,139.607,131.626,155.842,190.9,156.302
2026-07-28,138.029,133.357,154.251,191.361,157.362
2026-07-29,136.833,132.301,153.901,189.812,157.87
2026-07-30,138.044,130.41,156.935,191.178,157.492
2026-07-31,137.52,130.108,159.328,188.716,156.937
2026-08-03,139.271,128.868,159.438,192.772,156.394
2026-08-04,138.58,128.077,159.601,191.497,159.155
2026-08-05,137.991,127.732,157.342,188.353,162.934
2026-08-06,138.26,128.724,155.923,187.813,158.827
2026-08-07,138.267,131.872,155.949,187.66,155.236
2026-08-10,139.856,133.172,155.589,189.353,155.298
2026-08-11,138.681,135.421,155.038,185.66,157.532
2026-08-12,138.304,135.366,154.494,182.484,157.802
2026-08-13,138.343,134.817,156.265,182.735,157.733
2026-08-14,138.915,135.62,158.849,182.161,157.677
2026-08-17,137.238,132.963,152.738,177.949,157.669
2026-08-18,136.864,130.265,157.456,179.834,158.886
2026-08-19,136.137,129.107,153.666,181.034,155.65
2026-08-20,135.424,126.632,153.928,177.615,155.967
2026-08-21,134.064,125.24,151.739,177.455,152.347
2026-08-24,134.617,125.521,153.597,178.429,153.173
2026-08-25,135.158,124.167,152.988,182.629,153.79
2026-08-26,135.356,125.964,152.277,185.533,151.371
2026-08-27,134.982,122.629,152.901,186.568,155.225
2026-08-28,133.908,121.818,150.278,182.23,154.626
2026-08-31,133.587,121.932,151.561,178.812,156.755
2026-09-01,132.912,122.238,148.629,180.081,161.595
2026-09-02,130.427,121.422,144.591,172.886,160.906
2026-09-03,129.952,119.802,146.776,168.779,163.244
2026-09-04,129.386,118.605,142.422,166.596,162.241
2026-09-07,127.547,116.314,138.564,162.449,166.383
2026-09-08,127.085,116.24,139.126,161.744,168.141
2026-09-09,127.379,114.504,140.27,163.174,165.455
2026-09-10,126.579,115.36,140.639,162.049,166.454
2026-09-11,124.016,111.123,136.933,158.065,164.172
2026-09-14,122.717,108.759,134.383,155.178,164.075
2026-09-15,125.358,110.597,138.032,162.169,162.205
2026-09-16,123.691,111.818,136.202,158.607,160.911
2026-09-17,124.708,112.694,138.747,161.109,162.94
2026-09-18,125.045,112.12,141.561,160.06,160.703
2026-09-21,125.004,109.663,142.59,160.718,160.754
2026-09-22,124.884,107.576,144.432,163.956,163.681
2026-09-23,123.672,106.406,145.438,164.813,162.317
2026-09-24,123.643,107.583,143.054,164.821,162.498
2026-09-25,123.944,107.055,142.104,161.981,166.002
2026-09-28,123.597,108.085,141.72,160.161,164.723
2026-09-29,123.553,112.705,142.396,158.109,164.452
2026-09-30,122.144,112.405,141.926,156.944,163.43
2026-10-01,122.287,111.962,141.0,152.1,165.257
2026-10-02,121.145,112.305,141.33,151.184,163.264
2026-10-05,122.663,111.73,146.548,155.05,161.633
2026-10-06,123.16,111.382,146.758,155.705,160.899
2026-10-07,123.047,110.508,145.594,151.799,165.091
